card_num	number	name_ko	rarity	card_type	subtype	hp	type	image_url	_source	_image_source_url	_name_source	_rarity_source	_jp_number
JP2026M6A104	104	알로라 나시	AR	포켓몬				external/m6a-30th-celebration/JP2026M6A104.jpg	https://myca.dmm.com/pokemon-trading-card-game/items/single-card/374245	https://www.serebii.net/card/30thcelebrationjapan/104.jpg	https://pokemoncard.co.kr/cards/detail/BS2026006115	https://myca.dmm.com/pokemon-trading-card-game/items/single-card/374245	104
JP2026M6A105	105	파이어	AR	포켓몬				external/m6a-30th-celebration/JP2026M6A105.jpg	https://myca.dmm.com/pokemon-trading-card-game/items/single-card/374255	https://www.serebii.net/card/30thcelebrationjapan/105.jpg	https://pokemoncard.co.kr/cards/detail/BS2026006119	https://myca.dmm.com/pokemon-trading-card-game/items/single-card/374255	105
JP2026M6A106	106	라프라스	AR	포켓몬				external/m6a-30th-celebration/JP2026M6A106.jpg	https://myca.dmm.com/pokemon-trading-card-game/items/single-card/374265	https://www.serebii.net/card/30thcelebrationjapan/106.jpg	https://pokemoncard.co.kr/cards/detail/BS2026006124	https://myca.dmm.com/pokemon-trading-card-game/items/single-card/374265	106
JP2026M6A107	107	프리져	AR	포켓몬				external/m6a-30th-celebration/JP2026M6A107.jpg	https://myca.dmm.com/pokemon-trading-card-game/items/single-card/374275	https://www.serebii.net/card/30thcelebrationjapan/107.jpg	https://pokemoncard.co.kr/cards/detail/BS2026006125	https://myca.dmm.com/pokemon-trading-card-game/items/single-card/374275	107
JP2026M6A108	108	썬더	AR	포켓몬				external/m6a-30th-celebration/JP2026M6A108.jpg	https://myca.dmm.com/pokemon-trading-card-game/items/single-card/374285	https://www.serebii.net/card/30thcelebrationjapan/108.jpg	https://pokemoncard.co.kr/cards/detail/BS2026006162	https://myca.dmm.com/pokemon-trading-card-game/items/single-card/374285	108
JP2026M6A109	109	스트린더	AR	포켓몬				external/m6a-30th-celebration/JP2026M6A109.jpg	https://myca.dmm.com/pokemon-trading-card-game/items/single-card/374295	https://www.serebii.net/card/30thcelebrationjapan/109.jpg	https://pokemoncard.co.kr/cards/detail/BS2026006164	https://myca.dmm.com/pokemon-trading-card-game/items/single-card/374295	109
JP2026M6A110	110	모르페코	AR	포켓몬				external/m6a-30th-celebration/JP2026M6A110.jpg	https://myca.dmm.com/pokemon-trading-card-game/items/single-card/374305	https://www.serebii.net/card/30thcelebrationjapan/110.jpg	https://pokemoncard.co.kr/cards/detail/BS2026006165	https://myca.dmm.com/pokemon-trading-card-game/items/single-card/374305	110
JP2026M6A111	111	흔들풍손	AR	포켓몬				external/m6a-30th-celebration/JP2026M6A111.jpg	https://myca.dmm.com/pokemon-trading-card-game/items/single-card/374315	https://www.serebii.net/card/30thcelebrationjapan/111.jpg	https://pokemoncard.co.kr/cards/detail/BS2026006174	https://myca.dmm.com/pokemon-trading-card-game/items/single-card/374315	111
JP2026M6A112	112	샹델라	AR	포켓몬				external/m6a-30th-celebration/JP2026M6A112.jpg	https://myca.dmm.com/pokemon-trading-card-game/items/single-card/374325	https://www.serebii.net/card/30thcelebrationjapan/112.jpg	https://pokemoncard.co.kr/cards/detail/BS2026006175	https://myca.dmm.com/pokemon-trading-card-game/items/single-card/374325	112
JP2026M6A113	113	루가루암	AR	포켓몬				external/m6a-30th-celebration/JP2026M6A113.jpg	https://myca.dmm.com/pokemon-trading-card-game/items/single-card/374335	https://www.serebii.net/card/30thcelebrationjapan/113.jpg	https://pokemoncard.co.kr/cards/detail/BS2026006184	https://myca.dmm.com/pokemon-trading-card-game/items/single-card/374335	113
JP2026M6A114	114	니드리나	AR	포켓몬				external/m6a-30th-celebration/JP2026M6A114.jpg	https://myca.dmm.com/pokemon-trading-card-game/items/single-card/374345	https://www.serebii.net/card/30thcelebrationjapan/114.jpg	https://pokemoncard.co.kr/cards/detail/BS2026006187	https://myca.dmm.com/pokemon-trading-card-game/items/single-card/374345	114
JP2026M6A115	115	알로라 나옹	AR	포켓몬				external/m6a-30th-celebration/JP2026M6A115.jpg	https://myca.dmm.com/pokemon-trading-card-game/items/single-card/374355	https://www.serebii.net/card/30thcelebrationjapan/115.jpg	https://pokemoncard.co.kr/cards/detail/BS2026006188	https://myca.dmm.com/pokemon-trading-card-game/items/single-card/374355	115
JP2026M6A116	116	곤율랭	AR	포켓몬				external/m6a-30th-celebration/JP2026M6A116.jpg	https://myca.dmm.com/pokemon-trading-card-game/items/single-card/374365	https://www.serebii.net/card/30thcelebrationjapan/116.jpg	https://pokemoncard.co.kr/cards/detail/BS2026006191	https://myca.dmm.com/pokemon-trading-card-game/items/single-card/374365	116
JP2026M6A117	117	가라르 나옹	AR	포켓몬				external/m6a-30th-celebration/JP2026M6A117.jpg	https://myca.dmm.com/pokemon-trading-card-game/items/single-card/374375	https://www.serebii.net/card/30thcelebrationjapan/117.jpg	https://pokemoncard.co.kr/cards/detail/BS2026006193	https://myca.dmm.com/pokemon-trading-card-game/items/single-card/374375	117
JP2026M6A118	118	타부자고	AR	포켓몬				external/m6a-30th-celebration/JP2026M6A118.jpg	https://myca.dmm.com/pokemon-trading-card-game/items/single-card/374385	https://www.serebii.net/card/30thcelebrationjapan/118.jpg	https://pokemoncard.co.kr/cards/detail/BS2026006200	https://myca.dmm.com/pokemon-trading-card-game/items/single-card/374385	118
JP2026M6A119	119	짜랑고우거	AR	포켓몬				external/m6a-30th-celebration/JP2026M6A119.jpg	https://myca.dmm.com/pokemon-trading-card-game/items/single-card/374395	https://card.yuyu-tei.jp/poc/front/m06a/10119.jpg	https://pokemoncard.co.kr/cards/detail/BS2026006204	https://myca.dmm.com/pokemon-trading-card-game/items/single-card/374395	119
JP2026M6A120	120	나옹	AR	포켓몬				external/m6a-30th-celebration/JP2026M6A120.jpg	https://myca.dmm.com/pokemon-trading-card-game/items/single-card/374405	https://www.serebii.net/card/30thcelebrationjapan/120.jpg	https://pokemoncard.co.kr/cards/detail/BS2026006205	https://myca.dmm.com/pokemon-trading-card-game/items/single-card/374405	120
JP2026M6A121	121	메타몽	AR	포켓몬				external/m6a-30th-celebration/JP2026M6A121.jpg	https://myca.dmm.com/pokemon-trading-card-game/items/single-card/374415	https://card.yuyu-tei.jp/poc/front/m06a/10121.jpg	https://pokemoncard.co.kr/cards/detail/BS2026006206	https://myca.dmm.com/pokemon-trading-card-game/items/single-card/374415	121
JP2026M6A122	122	히스이 조로아	AR	포켓몬				external/m6a-30th-celebration/JP2026M6A122.jpg	https://myca.dmm.com/pokemon-trading-card-game/items/single-card/374425	https://www.serebii.net/card/30thcelebrationjapan/122.jpg	https://pokemoncard.co.kr/cards/detail/BS2026006211	https://myca.dmm.com/pokemon-trading-card-game/items/single-card/374425	122
JP2026M6A123	123	파밀리쥐	AR	포켓몬				external/m6a-30th-celebration/JP2026M6A123.jpg	https://myca.dmm.com/pokemon-trading-card-game/items/single-card/374435	https://www.serebii.net/card/30thcelebrationjapan/123.jpg	https://pokemoncard.co.kr/cards/detail/BS2026006213	https://myca.dmm.com/pokemon-trading-card-game/items/single-card/374435	123
JP2026M6A124	124	뜨아거 ex	SAR	포켓몬				external/m6a-30th-celebration/JP2026M6A124.jpg	https://myca.dmm.com/pokemon-trading-card-game/items/single-card/374445	https://www.serebii.net/card/30thcelebrationjapan/124.jpg	https://pokemoncard.co.kr/cards/detail/BS2026006122	https://myca.dmm.com/pokemon-trading-card-game/items/single-card/374445	124
JP2026M6A125	125	개굴닌자 ex	SAR	포켓몬				external/m6a-30th-celebration/JP2026M6A125.jpg	https://myca.dmm.com/pokemon-trading-card-game/items/single-card/374455	https://www.serebii.net/card/30thcelebrationjapan/125.jpg	https://pokemoncard.co.kr/cards/detail/BS2026006128	https://myca.dmm.com/pokemon-trading-card-game/items/single-card/374455	125
JP2026M6A126	126	피카츄 ex	SAR	포켓몬				external/m6a-30th-celebration/JP2026M6A126.jpg	https://myca.dmm.com/pokemon-trading-card-game/items/single-card/374465	https://www.serebii.net/card/30thcelebrationjapan/126.jpg	https://pokemoncard.co.kr/cards/detail/BS2026006160	https://myca.dmm.com/pokemon-trading-card-game/items/single-card/374465	126
JP2026M6A127	127	피카츄 ex	SAR	포켓몬				external/m6a-30th-celebration/JP2026M6A127.jpg	https://myca.dmm.com/pokemon-trading-card-game/items/single-card/374475	https://www.serebii.net/card/30thcelebrationjapan/127.jpg	https://pokemoncard.co.kr/cards/detail/BS2026006161	https://myca.dmm.com/pokemon-trading-card-game/items/single-card/374475	127
JP2026M6A128	128	뮤츠 ex	SAR	포켓몬				external/m6a-30th-celebration/JP2026M6A128.jpg	https://myca.dmm.com/pokemon-trading-card-game/items/single-card/374485	https://card.yuyu-tei.jp/poc/front/m06a/10128.jpg	https://pokemoncard.co.kr/cards/detail/BS2026006168	https://myca.dmm.com/pokemon-trading-card-game/items/single-card/374485	128
JP2026M6A129	129	뮤 ex	SAR	포켓몬				external/m6a-30th-celebration/JP2026M6A129.jpg	https://myca.dmm.com/pokemon-trading-card-game/items/single-card/374495	https://card.yuyu-tei.jp/poc/front/m06a/10129.jpg	https://pokemoncard.co.kr/cards/detail/BS2026006170	https://myca.dmm.com/pokemon-trading-card-game/items/single-card/374495	129
JP2026M6A130	130	님피아 ex	SAR	포켓몬				external/m6a-30th-celebration/JP2026M6A130.jpg	https://myca.dmm.com/pokemon-trading-card-game/items/single-card/374505	https://www.serebii.net/card/30thcelebrationjapan/130.jpg	https://pokemoncard.co.kr/cards/detail/BS2026006172	https://myca.dmm.com/pokemon-trading-card-game/items/single-card/374505	130
JP2026M6A131	131	팬텀 ex	SAR	포켓몬				external/m6a-30th-celebration/JP2026M6A131.jpg	https://myca.dmm.com/pokemon-trading-card-game/items/single-card/374515	https://card.yuyu-tei.jp/poc/front/m06a/10131.jpg	https://pokemoncard.co.kr/cards/detail/BS2026006189	https://myca.dmm.com/pokemon-trading-card-game/items/single-card/374515	131
JP2026M6A132	132	지라치 ex	SAR	포켓몬				external/m6a-30th-celebration/JP2026M6A132.jpg	https://myca.dmm.com/pokemon-trading-card-game/items/single-card/374525	https://www.serebii.net/card/30thcelebrationjapan/132.jpg	https://pokemoncard.co.kr/cards/detail/BS2026006194	https://myca.dmm.com/pokemon-trading-card-game/items/single-card/374525	132
JP2026M6A133	133	보만다 ex	SAR	포켓몬				external/m6a-30th-celebration/JP2026M6A133.jpg	https://myca.dmm.com/pokemon-trading-card-game/items/single-card/374535	https://www.serebii.net/card/30thcelebrationjapan/133.jpg	https://pokemoncard.co.kr/cards/detail/BS2026006201	https://myca.dmm.com/pokemon-trading-card-game/items/single-card/374535	133
JP2026M6A134	134	뮤츠 ex	FUR	포켓몬				external/m6a-30th-celebration/JP2026M6A134.jpg	https://myca.dmm.com/pokemon-trading-card-game/items/single-card/374545	https://www.serebii.net/card/30thcelebrationjapan/134.jpg	https://pokemoncard.co.kr/cards/detail/BS2026006168	https://myca.dmm.com/pokemon-trading-card-game/items/single-card/374545	134
JP2026M6A135	135	뮤 ex	FUR	포켓몬				external/m6a-30th-celebration/JP2026M6A135.jpg	https://myca.dmm.com/pokemon-trading-card-game/items/single-card/374555	https://www.serebii.net/card/30thcelebrationjapan/135.jpg	https://pokemoncard.co.kr/cards/detail/BS2026006170	https://myca.dmm.com/pokemon-trading-card-game/items/single-card/374555	135
JP2026M6A136	136	피카츄	REPRINT	포켓몬				external/m6a-30th-celebration/JP2026M6A136.jpg	https://myca.dmm.com/pokemon-trading-card-game/items/single-card/374565	https://www.serebii.net/card/30thcelebrationjapan/136.jpg	https://m.pokemonstore.co.kr/pages/pokemoncardgame30th/product/m6a/index.html	https://www.30th.pokemon-card.com/product/m6a	136
JP2026M6A137	137	리자몽	REPRINT	포켓몬				external/m6a-30th-celebration/JP2026M6A137.jpg	https://myca.dmm.com/pokemon-trading-card-game/items/single-card/374575	https://www.serebii.net/card/30thcelebrationjapan/137.jpg	https://m.pokemonstore.co.kr/pages/pokemoncardgame30th/product/m6a/index.html	https://www.30th.pokemon-card.com/product/m6a	137
JP2026M6A138	138	이슬	REPRINT	트레이너				external/m6a-30th-celebration/JP2026M6A138.jpg	https://myca.dmm.com/pokemon-trading-card-game/items/single-card/374585	https://www.serebii.net/card/30thcelebrationjapan/138.jpg	https://m.pokemonstore.co.kr/pages/pokemoncardgame30th/product/m6a/index.html	https://www.30th.pokemon-card.com/product/m6a	138
JP2026M6A139	139	민화의 푸린	REPRINT	포켓몬				external/m6a-30th-celebration/JP2026M6A139.jpg	https://myca.dmm.com/pokemon-trading-card-game/items/single-card/374595	https://www.serebii.net/card/30thcelebrationjapan/139.jpg	https://m.pokemonstore.co.kr/pages/pokemoncardgame30th/product/m6a/index.html	https://www.30th.pokemon-card.com/product/m6a	139
JP2026M6A140	140	포푸니	REPRINT	포켓몬				external/m6a-30th-celebration/JP2026M6A140.jpg	https://myca.dmm.com/pokemon-trading-card-game/items/single-card/374605	https://www.serebii.net/card/30thcelebrationjapan/140.jpg	https://m.pokemonstore.co.kr/pages/pokemoncardgame30th/product/m6a/index.html	https://www.30th.pokemon-card.com/product/m6a	140
JP2026M6A141	141	빛나는 세레비	REPRINT	포켓몬				external/m6a-30th-celebration/JP2026M6A141.jpg	https://myca.dmm.com/pokemon-trading-card-game/items/single-card/374615	https://www.serebii.net/card/30thcelebrationjapan/141.jpg	https://m.pokemonstore.co.kr/pages/pokemoncardgame30th/product/m6a/index.html	https://www.30th.pokemon-card.com/product/m6a	141
JP2026M6A142	142	루기아	REPRINT	포켓몬				external/m6a-30th-celebration/JP2026M6A142.jpg	https://myca.dmm.com/pokemon-trading-card-game/items/single-card/374625	https://www.serebii.net/card/30thcelebrationjapan/142.jpg	https://m.pokemonstore.co.kr/pages/pokemoncardgame30th/product/m6a/index.html	https://www.30th.pokemon-card.com/product/m6a	142
JP2026M6A143	143	델케티	REPRINT	포켓몬				external/m6a-30th-celebration/JP2026M6A143.jpg	https://myca.dmm.com/pokemon-trading-card-game/items/single-card/374635	https://www.serebii.net/card/30thcelebrationjapan/143.jpg	https://m.pokemonstore.co.kr/pages/pokemoncardgame30th/product/m6a/index.html	https://www.30th.pokemon-card.com/product/m6a	143
JP2026M6A144	144	나쁜 마기라스	REPRINT	포켓몬				external/m6a-30th-celebration/JP2026M6A144.jpg	https://myca.dmm.com/pokemon-trading-card-game/items/single-card/374645	https://www.serebii.net/card/30thcelebrationjapan/144.jpg	https://m.pokemonstore.co.kr/pages/pokemoncardgame30th/product/m6a/index.html	https://www.30th.pokemon-card.com/product/m6a	144
JP2026M6A145	145	핫삼 ex	REPRINT	포켓몬				external/m6a-30th-celebration/JP2026M6A145.jpg	https://myca.dmm.com/pokemon-trading-card-game/items/single-card/374655	https://www.serebii.net/card/30thcelebrationjapan/145.jpg	https://m.pokemonstore.co.kr/pages/pokemoncardgame30th/product/m6a/index.html	https://www.30th.pokemon-card.com/product/m6a	145
JP2026M6A146	146	메타그로스	REPRINT	포켓몬				external/m6a-30th-celebration/JP2026M6A146.jpg	https://myca.dmm.com/pokemon-trading-card-game/items/single-card/374665	https://www.serebii.net/card/30thcelebrationjapan/146.jpg	https://m.pokemonstore.co.kr/pages/pokemoncardgame30th/product/m6a/index.html	https://www.30th.pokemon-card.com/product/m6a	146
JP2026M6A147	147	펄기아	REPRINT	포켓몬				external/m6a-30th-celebration/JP2026M6A147.jpg	https://myca.dmm.com/pokemon-trading-card-game/items/single-card/374675	https://www.serebii.net/card/30thcelebrationjapan/147.jpg	https://m.pokemonstore.co.kr/pages/pokemoncardgame30th/product/m6a/index.html	https://www.30th.pokemon-card.com/product/m6a	147
JP2026M6A148	148	유크시	REPRINT	포켓몬				external/m6a-30th-celebration/JP2026M6A148.jpg	https://myca.dmm.com/pokemon-trading-card-game/items/single-card/374685	https://www.serebii.net/card/30thcelebrationjapan/148.jpg	https://m.pokemonstore.co.kr/pages/pokemoncardgame30th/product/m6a/index.html	https://www.30th.pokemon-card.com/product/m6a	148
JP2026M6A149	149	크로뱃 G	REPRINT	포켓몬				external/m6a-30th-celebration/JP2026M6A149.jpg	https://myca.dmm.com/pokemon-trading-card-game/items/single-card/374695	https://www.serebii.net/card/30thcelebrationjapan/149.jpg	https://m.pokemonstore.co.kr/pages/pokemoncardgame30th/product/m6a/index.html	https://www.30th.pokemon-card.com/product/m6a	149
JP2026M6A150	150	팬텀	REPRINT	포켓몬				external/m6a-30th-celebration/JP2026M6A150.jpg	https://myca.dmm.com/pokemon-trading-card-game/items/single-card/374705	https://www.serebii.net/card/30thcelebrationjapan/150.jpg	https://m.pokemonstore.co.kr/pages/pokemoncardgame30th/product/m6a/index.html	https://www.30th.pokemon-card.com/product/m6a	150
JP2026M6A151	151	다크라이&크레세리아 LEGEND (다크라이)	REPRINT	포켓몬				external/m6a-30th-celebration/JP2026M6A151.jpg	https://www.cardrush-pokemon.jp/phone/product-group/594?page=4	https://www.serebii.net/card/30thcelebrationjapan/151.jpg	https://m.pokemonstore.co.kr/pages/pokemoncardgame30th/product/m6a/index.html	https://www.30th.pokemon-card.com/product/m6a	151
JP2026M6A152	152	다크라이&크레세리아 LEGEND (크레세리아)	REPRINT	포켓몬				external/m6a-30th-celebration/JP2026M6A152.jpg	https://myca.dmm.com/pokemon-trading-card-game/items/single-card/374714	https://www.serebii.net/card/30thcelebrationjapan/152.jpg	https://m.pokemonstore.co.kr/pages/pokemoncardgame30th/product/m6a/index.html	https://www.30th.pokemon-card.com/product/m6a	152
JP2026M6A153	153	N	REPRINT	트레이너				external/m6a-30th-celebration/JP2026M6A153.jpg	https://myca.dmm.com/pokemon-trading-card-game/items/single-card/374735	https://www.serebii.net/card/30thcelebrationjapan/153.jpg	https://m.pokemonstore.co.kr/pages/pokemoncardgame30th/product/m6a/index.html	https://www.30th.pokemon-card.com/product/m6a	153
JP2026M6A154	154	레쿠쟈 EX	REPRINT	포켓몬				external/m6a-30th-celebration/JP2026M6A154.jpg	https://myca.dmm.com/pokemon-trading-card-game/items/single-card/374745	https://www.serebii.net/card/30thcelebrationjapan/154.jpg	https://m.pokemonstore.co.kr/pages/pokemoncardgame30th/product/m6a/index.html	https://www.30th.pokemon-card.com/product/m6a	154
JP2026M6A155	155	게노세크트 EX	REPRINT	포켓몬				external/m6a-30th-celebration/JP2026M6A155.jpg	https://myca.dmm.com/pokemon-trading-card-game/items/single-card/374755	https://www.serebii.net/card/30thcelebrationjapan/155.jpg	https://m.pokemonstore.co.kr/pages/pokemoncardgame30th/product/m6a/index.html	https://www.30th.pokemon-card.com/product/m6a	155
JP2026M6A156	156	M가디안 EX	REPRINT	포켓몬				external/m6a-30th-celebration/JP2026M6A156.jpg	https://myca.dmm.com/pokemon-trading-card-game/items/single-card/374765	https://www.serebii.net/card/30thcelebrationjapan/156.jpg	https://m.pokemonstore.co.kr/pages/pokemoncardgame30th/product/m6a/index.html	https://www.30th.pokemon-card.com/product/m6a	156
JP2026M6A157	157	개굴닌자 BREAK	REPRINT	포켓몬				external/m6a-30th-celebration/JP2026M6A157.jpg	https://myca.dmm.com/pokemon-trading-card-game/items/single-card/374775	https://www.serebii.net/card/30thcelebrationjapan/157.jpg	https://m.pokemonstore.co.kr/pages/pokemoncardgame30th/product/m6a/index.html	https://www.30th.pokemon-card.com/product/m6a	157
JP2026M6A158	158	솔가레오 GX	REPRINT	포켓몬				external/m6a-30th-celebration/JP2026M6A158.jpg	https://myca.dmm.com/pokemon-trading-card-game/items/single-card/374785	https://www.serebii.net/card/30thcelebrationjapan/158.jpg	https://m.pokemonstore.co.kr/pages/pokemoncardgame30th/product/m6a/index.html	https://www.30th.pokemon-card.com/product/m6a	158
JP2026M6A159	159	매시붕 GX	REPRINT	포켓몬				external/m6a-30th-celebration/JP2026M6A159.jpg	https://myca.dmm.com/pokemon-trading-card-game/items/single-card/374795	https://www.serebii.net/card/30thcelebrationjapan/159.jpg	https://m.pokemonstore.co.kr/pages/pokemoncardgame30th/product/m6a/index.html	https://www.30th.pokemon-card.com/product/m6a	159
JP2026M6A160	160	피카츄&제크로무 GX	REPRINT	포켓몬				external/m6a-30th-celebration/JP2026M6A160.jpg	https://myca.dmm.com/pokemon-trading-card-game/items/single-card/374805	https://www.serebii.net/card/30thcelebrationjapan/160.jpg	https://m.pokemonstore.co.kr/pages/pokemoncardgame30th/product/m6a/index.html	https://www.30th.pokemon-card.com/product/m6a	160
JP2026M6A161	161	자시안 V	REPRINT	포켓몬				external/m6a-30th-celebration/JP2026M6A161.jpg	https://myca.dmm.com/pokemon-trading-card-game/items/single-card/374815	https://www.serebii.net/card/30thcelebrationjapan/161.jpg	https://m.pokemonstore.co.kr/pages/pokemoncardgame30th/product/m6a/index.html	https://www.30th.pokemon-card.com/product/m6a	161
JP2026M6A162	162	라이코	REPRINT	포켓몬				external/m6a-30th-celebration/JP2026M6A162.jpg	https://myca.dmm.com/pokemon-trading-card-game/items/single-card/374825	https://www.serebii.net/card/30thcelebrationjapan/162.jpg	https://m.pokemonstore.co.kr/pages/pokemoncardgame30th/product/m6a/index.html	https://www.30th.pokemon-card.com/product/m6a	162
JP2026M6A163	163	뮤 VMAX	REPRINT	포켓몬				external/m6a-30th-celebration/JP2026M6A163.jpg	https://myca.dmm.com/pokemon-trading-card-game/items/single-card/374835	https://www.serebii.net/card/30thcelebrationjapan/163.jpg	https://m.pokemonstore.co.kr/pages/pokemoncardgame30th/product/m6a/index.html	https://www.30th.pokemon-card.com/product/m6a	163
JP2026M6A164	164	아르세우스 VSTAR	REPRINT	포켓몬				external/m6a-30th-celebration/JP2026M6A164.jpg	https://myca.dmm.com/pokemon-trading-card-game/items/single-card/374845	https://www.serebii.net/card/30thcelebrationjapan/164.jpg	https://m.pokemonstore.co.kr/pages/pokemoncardgame30th/product/m6a/index.html	https://www.30th.pokemon-card.com/product/m6a	164
JP2026M6A165	165	잉어킹	REPRINT	포켓몬				external/m6a-30th-celebration/JP2026M6A165.jpg	https://myca.dmm.com/pokemon-trading-card-game/items/single-card/374855	https://www.serebii.net/card/30thcelebrationjapan/165.jpg	https://m.pokemonstore.co.kr/pages/pokemoncardgame30th/product/m6a/index.html	https://www.30th.pokemon-card.com/product/m6a	165
